week,revenue,cogs_total,cogs_flowers,strict_gp_pct,rolling_cos_rate_pct,flowers_cos_rate_pct
2024-W01,1849.25,5854.99,4962.07,-216.6,316.6,268.3
2024-W02,1847.72,332.74,124.2,82.0,167.4,137.6
2024-W03,1524.01,1799.07,1614.68,-18.0,153.0,128.3
2024-W04,4970.69,3228.54,3119.06,35.0,110.0,96.4
2024-W05,5602.53,2972.91,2295.1,46.9,59.8,51.3
2024-W06,8247.63,5987.56,5842.56,27.4,68.8,63.3
2024-W07,23157.72,6227.28,5902.64,73.1,43.9,40.9
2024-W08,2942.09,5478.44,5185.63,-86.2,51.7,48.1
2024-W09,4471.06,3205.74,2897.12,28.3,53.8,51.1
2024-W10,3970.45,6200.68,5209.0,-56.2,61.1,55.6
2024-W11,5809.63,4617.0,4184.42,20.5,113.4,101.6
2024-W12,4491.01,2257.73,2257.73,49.7,86.9,77.6
2024-W13,6237.68,3112.34,3092.46,50.1,78.9,71.9
2024-W14,5940.09,5413.86,5189.2,8.9,68.5,65.5
2024-W15,3132.66,3789.94,3070.18,-21.0,73.6,68.7
2024-W16,10958.06,4573.84,4499.44,58.3,64.3,60.3
2024-W17,4992.4,2645.78,2533.98,47.0,65.6,61.1
2024-W18,6210.31,5571.08,4465.73,10.3,65.6,57.6
2024-W19,13191.42,8690.55,8589.75,34.1,60.8,56.8
2024-W20,17912.05,3490.57,3010.62,80.5,48.2,44.0
2024-W21,5623.33,6237.33,6112.76,-10.9,55.9,51.7
2024-W22,6475.9,2663.48,2612.87,58.9,48.8,47.0
2024-W23,9533.63,6356.61,5327.62,33.3,47.4,43.2
2024-W24,7053.82,2821.04,2665.05,60.0,63.0,58.3
2024-W25,4042.16,2007.26,2007.26,50.3,51.1,46.5
2024-W26,4122.04,1808.37,1765.21,56.1,52.5,47.5
2024-W27,1998.14,1202.83,1180.85,39.8,45.5,44.3
2024-W28,2776.94,3765.21,3765.21,-35.6,67.9,67.4
2024-W29,4424.37,3144.47,2698.49,28.9,74.5,70.6
2024-W30,4982.01,6119.05,2271.92,-22.8,100.4,69.9
2024-W31,4605.22,1916.11,1830.33,58.4,89.0,62.9
2024-W32,4231.97,3587.84,3132.21,15.2,80.9,54.4
2024-W33,956.4,438.5,340.0,54.2,81.6,51.3
2024-W34,1402.52,351.91,19.99,74.9,56.2,47.5
2024-W36,3000.22,3283.24,2816.93,-9.4,79.9,65.8
2024-W37,4801.67,3830.72,3830.72,20.2,77.8,69.0
2024-W38,6894.68,4403.78,3822.46,36.1,73.7,65.2
2024-W39,3134.36,3226.35,3012.31,-2.9,82.7,75.6
2024-W40,5749.51,3315.95,3033.12,42.3,71.8,66.6
2024-W41,5272.7,4976.8,4522.67,5.6,75.6,68.4
2024-W42,4355.73,2573.27,2402.88,40.9,76.1,70.1
2024-W43,4367.35,3211.72,3056.82,26.5,71.3,65.9
2024-W44,4646.22,2632.48,2552.23,43.3,71.8,67.2
2024-W45,6352.58,5103.25,4487.3,19.7,68.6,63.4
2024-W46,4326.85,3114.89,3004.89,28.0,71.4,66.5
2024-W47,6706.59,3484.97,3294.06,48.0,65.1,60.5
2024-W48,4151.55,2837.45,2422.87,31.7,67.5,61.3
2024-W49,3408.53,3770.82,3108.99,-10.6,71.0,63.6
2024-W50,5951.06,4713.59,4513.4,20.8,73.2,66.0
2024-W51,5787.83,3011.05,3011.05,48.0,74.3,67.7
2024-W52,3935.22,133.21,113.22,96.6,60.9,56.3
2025-W02,2824.47,2732.78,2283.46,3.2,57.3,53.6
2025-W03,5680.74,3171.76,2748.04,44.2,49.6,44.7
2025-W04,5288.54,5106.56,4750.45,3.4,62.9,55.8
2025-W05,4255.68,3959.53,3800.09,7.0,82.9,75.2
2025-W06,5851.18,2874.24,2399.45,50.9,71.7,65.0
2025-W07,13094.88,8214.43,7858.61,37.3,70.7,66.0
2025-W08,8059.87,3404.95,3284.49,57.8,59.0,55.5
2025-W09,2588.72,3249.83,3140.12,-25.5,60.0,56.4
2025-W10,9119.17,5581.15,4223.59,38.8,62.2,56.3
2025-W11,4283.96,3246.27,3032.8,24.2,64.4,56.9
2025-W12,3428.07,1893.24,1579.04,44.8,71.9,61.7
2025-W13,4748.25,3115.45,3115.45,34.4,64.1,55.4
2025-W14,3327.36,4278.88,4007.77,-28.6,79.4,74.3
2025-W15,4715.57,3002.19,2504.98,36.3,75.8,69.1
2025-W16,5394.76,3210.91,2994.46,40.5,74.8,69.4
2025-W17,5626.69,3610.84,3610.84,35.8,74.0,68.8
2025-W18,5640.7,3645.68,3645.68,35.4,63.0,59.7
2025-W19,11214.44,12402.51,11823.41,-10.6,82.0,79.2
2025-W20,18806.32,4960.35,4835.02,73.6,59.6,57.9
2025-W21,5286.91,2486.98,2102.84,53.0,57.4,54.7
2025-W22,3744.93,4157.97,3584.29,-11.0,61.5,57.2
2025-W23,6677.46,4373.91,4090.04,34.5,46.3,42.3
2025-W24,3161.17,7946.5,6326.58,-151.4,100.5,85.3
2025-W25,3408.78,1492.91,1247.05,56.2,105.8,89.7
2025-W26,4525.2,2782.42,2544.51,38.5,93.4,79.9
2025-W27,4201.21,2723.45,2313.45,35.2,97.7,81.3
2025-W28,2879.48,3936.55,3916.55,-36.7,72.8,66.7
2025-W29,3709.9,5078.85,4794.75,-36.9,94.8,88.6
2025-W30,4243.61,1137.83,1098.62,73.2,85.6,80.6
2025-W31,4868.91,1571.17,1249.65,67.7,74.7,70.4
2025-W32,4426.63,4941.67,4745.59,-11.6,73.8,68.9
2025-W33,3242.91,6559.43,6506.87,-102.3,84.7,81.0
2025-W34,5094.32,3340.72,2185.78,34.4,93.1,83.3
2025-W35,4315.0,3750.45,3452.78,13.1,108.9,98.9
2025-W36,4333.99,3534.3,3072.37,18.5,101.2,89.6
2025-W37,4188.0,4909.17,4799.95,-17.2,86.6,75.3
2025-W38,4056.28,3036.23,3017.6,25.1,90.2,84.9
2025-W39,5032.22,2499.63,2499.63,50.3,79.4,76.0
2025-W40,5119.53,5507.83,4537.32,-7.6,86.7,80.7
2025-W41,5026.3,5446.62,5370.53,-8.4,85.7,80.2
2025-W42,9172.22,3660.18,3660.18,60.1,70.3,66.0
2025-W43,4409.27,4386.25,4334.38,0.5,80.1,75.5
2025-W44,4814.25,2562.73,2475.13,46.8,68.5,67.6
2025-W45,4874.53,5411.21,4557.68,-11.0,68.8,64.6
2025-W46,4839.24,2627.09,2627.09,45.7,79.1,73.9
2025-W47,6428.49,4635.27,3804.82,27.9,72.7,64.3
2025-W48,5083.66,2659.93,2521.94,47.7,72.2,63.7
2025-W49,2241.08,3798.46,3404.0,-69.5,73.8,66.5
2025-W50,6431.63,4572.14,4492.14,28.9,77.6,70.5
2025-W51,6240.27,4119.28,3379.47,34.0,75.8,69.0
2025-W52,6457.83,2002.76,1905.71,69.0,67.8,61.7
2026-W01,213.3,349.98,0.0,-64.1,57.1,50.5
2026-W02,4323.95,5208.64,3523.13,-20.5,67.8,51.1
2026-W03,4042.22,5798.22,5605.67,-43.4,88.8,73.4
2026-W04,4240.52,2714.0,2546.54,36.0,109.8,91.1
2026-W05,6917.81,2634.22,2565.03,61.9,83.8,72.9
2026-W06,7411.47,7035.72,6645.51,5.1,80.4,76.8
2026-W07,16939.42,8809.43,8018.03,48.0,59.7,55.7
2026-W08,16569.2,7183.89,6872.23,56.6,53.6,50.4
2026-W09,3723.69,2595.92,2000.67,30.3,57.4,52.7
2026-W10,5869.43,6937.39,5379.18,-18.2,59.2,51.7
2026-W11,5159.92,4058.92,3754.98,21.3,66.3,57.5
2026-W12,5369.14,2910.86,2262.02,45.8,82.0,66.6
2026-W13,5976.77,2830.49,2830.49,52.6,74.8,63.6
2026-W14,5263.87,3830.05,3211.9,27.2,62.6,55.4
2026-W15,5042.47,5983.57,5897.19,-18.7,71.8,65.6
2026-W16,4629.6,2099.13,2099.13,54.7,70.5,67.1
2026-W17,4779.22,3001.24,2994.26,37.2,75.6,72.0
2026-W18,4162.98,5349.93,5229.35,-28.5,88.3,87.1
2026-W19,13851.4,12405.38,12405.38,10.4,83.3,82.9
2026-W20,21322.35,3603.72,3149.72,83.1,55.2,53.9
2026-W21,3224.8,3754.19,3641.19,-16.4,59.0,57.4
2026-W22,5628.96,3692.73,3692.73,34.4,53.3,52.0
2026-W23,6181.05,5582.3,4542.03,9.7,45.7,41.3
2026-W24,4340.0,1913.08,1871.31,55.9,77.1,71.0
2026-W25,2995.04,2603.47,2574.63,13.1,72.0,66.2
2026-W26,1066.24,277.46,262.5,74.0,71.2,63.4
2026-W27,2235.2,4095.96,4095.96,-83.2,83.6,82.8
2026-W28,3945.24,4555.64,4264.64,-15.5,112.6,109.3
2026-W29,4846.96,1847.39,1758.27,61.9,89.1,85.8
2026-W30,3994.27,2725.75,2725.75,31.8,88.0,85.5
